Repository,File_Path,Initial_Commit_SHA,Initial_Commit_Time,Last_Commit_SHA,Last_Commit_Time,Time_Difference_(Days),Modification_Count
tetedo/nft_lottery,.github/workflows/cr.yml,0b0400cbb6c63d800e3b0077650f8c5f9be454ab,2023-06-18 08:04:26,ac5f9c08482e53c6ad404b9e3174d9e1b466c776,2023-06-20 15:42:19,2,2
gfargo/coco,.github/workflows/ai-review.yml,b31dfcfc70bfe125d1a3c6cc0ebc7c263d491034,2023-07-06 16:31:50,b31dfcfc70bfe125d1a3c6cc0ebc7c263d491034,2023-07-06 16:31:50,0,0
yuriykulikov/alarmclock,.github/workflows/chatgpt-code-review.yml,698405e9a549aa037b35d829c5104252dd400bbc,2023-04-04 15:08:13,7b7bafe552ee1ab8b7c7d7f49b0d01aeb93a5404,2023-04-04 15:08:13,0,2
cos-project/cos-frontend,.github/workflows/code-review.yml,fe0009aea2f5f90bd0e51c84ce6eaf71b0416ec1,2024-02-15 05:07:39,fe0009aea2f5f90bd0e51c84ce6eaf71b0416ec1,2024-02-15 05:07:39,0,0
gravis-os/gravis-os,.github/workflows/chatgpt-codereviewer.yml,381b4025f137c00feb6b28f70e9c48ad9f440edd,2023-09-22 03:31:15,158dd5bced79859d1cbf4994cac00a42720030db,2023-09-22 12:53:57,0,3
nu-wa-project/fe,.github/workflows/cr.yml,2de980f3b8b471dd981599a280d18c8e027a60d8,2024-02-13 12:11:55,83ecb437ed24ca387bc549eb4538ded4a5a69f05,2024-03-18 07:36:51,33,2
team-collabor/coworkers,.github/workflows/code-reivew.yml,c924b3441d9934ff06432c17bf8710ece52d4ea9,2024-10-16 11:01:01,d9e45810132ab58ffbfadc1d4dae9b483a56f459,2024-10-16 12:33:09,0,4
hyperskill/mobile-app,.github/workflows/gpt_review.yml,e61954b9bf562a4c46f9959f57be4b3b1cc0e31c,2024-01-11 07:28:12,720b1fdb229653d8c9ff7104b2f0c6b23ed353b3,2024-10-17 05:35:57,279,1
tusb/theunusualskyblock,.github/workflows/chatgpt-review.yml,a3723fc1527e88083c0efd10e14adf142777660f,2024-11-16 18:09:13,3fbfe83ff091128af7b3d9f668473eec00dc277c,2025-01-18 19:17:59,63,22
lesserafim-aespa/tripmate,.github/workflows/bot.yml,cb29d386fd39d69aa8cabcf25a8fa8b933e7d8c0,2023-10-31 11:49:27,cb29d386fd39d69aa8cabcf25a8fa8b933e7d8c0,2023-10-31 11:49:27,0,0
yju-okura/project_minori-gin-deployment-repo,.github/workflows/openai_code_review.yml,d7b78e27bb3b24d7297b4e1c1d6d35d9a7890ccc,2024-02-13 05:50:38,1cffe9312f8c06cabcbb7b255482741ac15e1c96,2024-02-13 08:09:40,0,5
patientpai/patientpal-frontend,.github/workflows/cr.yml,09280f19856d685db3fadaadfc35ac43a257381b,2024-06-10 12:35:03,fc7fc284851660179752bdf5169d4d1c8d4be296,2024-09-27 13:24:22,109,4
neuq-acm/weekly-23,.github/workflows/coderevier.yml,33f0f488dedca6b92acd73d9e183ef48b07f0a6b,2023-08-21 09:22:35,33f0f488dedca6b92acd73d9e183ef48b07f0a6b,2023-08-21 09:22:35,0,0
webankfintech/fes.js,.github/workflows/cr.yml,d11095355fe0d2ce7e6da0eaa39f91b28a69472c,2023-04-03 12:49:30,d11095355fe0d2ce7e6da0eaa39f91b28a69472c,2023-04-03 12:49:30,0,0
mai0313/chess-ai,.github/workflows/openai-code-review.yml,173d8e2898d8f33d840e539295f54b4e2c2ba6ad,2024-04-14 22:43:46,173d8e2898d8f33d840e539295f54b4e2c2ba6ad,2024-04-14 22:43:46,0,0
team-b1nd/alimo-ios,.github/workflows/code-review.yml,a005f32eead072a2708bb9e6a82494052800468a,2024-07-31 09:31:15,a005f32eead072a2708bb9e6a82494052800468a,2024-07-31 09:31:15,0,0
three-ping/syncday_front,.github/workflows/deploy.yml,07735a666628966132542cfbd8f5c80b054aeaef,2024-11-27 10:39:55,2dd09df7e4f389a65a762134b020400334381703,2024-11-29 08:20:55,1,1
etff/web-novel,.github/workflows/deploy-develop.yml,b863861c74554c4a5e047bc02c30f2b1cd9acf9a,2023-04-13 12:42:48,4ce28074e3d30ce6ae3d380f88e274bb71e6e1d9,2023-05-07 05:37:02,23,12
fresh-trash-project/fresh-trash-backend,.github/workflows/code_review_bot.yml,2a33be309c7c6d47230fffc5972bc12ca86ac7dc,2024-06-02 03:50:31,2a33be309c7c6d47230fffc5972bc12ca86ac7dc,2024-06-02 03:50:31,0,0
zae-park/zae-engine,.github/workflows/code_review_gpt.yml,c92641a4d0b8a37e0fe8d9c662f349c1d73ff44b,2024-12-13 06:23:47,551c7fa4ba293aebfe92b53285439654c6e73ff1,2024-12-18 01:58:17,4,7
jgeofil/mlreadme-astro-blog,.github/workflows/cr.yml,42538c091dbf0c24dc16d5cbc71254cbc8df206f,2024-11-05 09:19:54,1c6c7853151d3586c02c15b3c4f25da0cfcae0e1,2024-12-24 05:23:15,48,2
yju-okura/project_minori-next-deployment-repo,.github/workflows/openai_code_review.yml,f3d14465893216e68d61add1149c94611382d0bf,2024-02-04 03:44:06,d3c06302a0809c79a65d69e539a5b1cad07756e1,2024-02-12 15:10:13,8,1
lwshen/portfolio-remix,.github/workflows/cr.yml,25c8e185d6328aa1202aa3f768942ea97b9d98fc,2023-04-08 12:29:49,d46864b46323f370f124281b30d21da88b58db0f,2024-06-05 05:55:20,423,1
m0nclous/click-claim-bot,.github/workflows/code-review.yml,505e9eb7afe5f2d0b20944f13e71e2e867354376,2024-07-08 17:56:20,505e9eb7afe5f2d0b20944f13e71e2e867354376,2024-07-08 17:56:20,0,0
codestates-seb/fe-sprint-my-agora-states-server,.github/workflows/cr.yml,5ee1d67ad96b95748d8a1a2208062ca466c8b7fe,2023-04-06 17:00:28,e1d6fd244e09a608e3a6d41d29bdedd60bf94de4,2023-04-06 17:11:54,0,2
g471000/coding-alarm-clock,.github/workflows/chatgpt-code-review.yml,698405e9a549aa037b35d829c5104252dd400bbc,2023-04-04 15:08:13,7b7bafe552ee1ab8b7c7d7f49b0d01aeb93a5404,2023-04-04 15:08:13,0,2
bottle-note/bottle-note-api-server,.github/workflows/code-review.yml,9b8370152cca390867b26ebe9b72857522f79405,2024-05-01 06:57:12,9b8370152cca390867b26ebe9b72857522f79405,2024-05-01 06:57:12,0,0
airtestproject/airtest,.github/workflows/cr.yml,b1f3b97f7f9bffb4ee4b9aab47aa6d147b107cf9,2023-03-22 07:34:15,b1f3b97f7f9bffb4ee4b9aab47aa6d147b107cf9,2023-03-22 07:34:15,0,0
synaptrix/chatgpt-desktop,.github/workflows/code-review.yml,1574f28b75a27fe6eea67c0ab14b1389ad8d398c,2023-03-23 21:25:21,1574f28b75a27fe6eea67c0ab14b1389ad8d398c,2023-03-23 21:25:21,0,0
bottle-note/bottle-note-frontend,.github/workflows/code-review.yml,2974a7031201066ee6d2bdb4bd6e56557ec359e6,2024-05-01 11:38:35,2974a7031201066ee6d2bdb4bd6e56557ec359e6,2024-05-01 11:38:35,0,0
fisco-bcos/fisco-bcos,.github/workflows/cr.yml,0203982429ee06909b47410629c1b333ff69a957,2023-03-13 11:31:15,6ce0724e1ac454cf92461f41f1d1bf433dacb18f,2023-03-16 07:39:05,2,3
neuq-acm/weekly-report-24,.github/workflows/coderevier.yml,980fb27d9a76508c8e65ff0bd1c44cad30774e34,2024-05-30 02:46:21,980fb27d9a76508c8e65ff0bd1c44cad30774e34,2024-05-30 02:46:21,0,0
transmission-remote-gui/transgui,.github/workflows/chatgpt-codereview.yml,26a1e99d586c82d01a3816f465976db843992205,2023-05-21 17:37:03,26a1e99d586c82d01a3816f465976db843992205,2023-05-21 17:37:03,0,0
storm-software/acidic,.github/workflows/code-review.yml,23b19d0a68a54e7d20547f1c6de9fafe49dddadc,2023-11-09 17:50:56,5ad62e51cd0dd5e3149d1bac10e06adb10b6c380,2024-02-11 09:08:55,93,2
yukieiji/extremeroles,.github/workflows/review.yml,2d175f00edd051737d4c1a989f27ad965ce83a01,2025-01-24 18:03:00,151c2910e22855ac7203801388fcc25a47a236f1,2025-01-24 18:19:33,0,2
chia1104/chia1104.dev,.github/workflows/gpt-review.yml,87b7abfd0256ea565cc24567756d6ad4da7e86df,2023-04-30 08:42:33,e36141e45ad5d14b3b625efa3019c1ede6dd8779,2023-05-01 11:38:11,1,1
justcode-gallery/gallery-with-me,.github/workflows/code_review_from_chatgpt.yml,f6cbd151367c83df13b27825fb5fbfd5c224b3bc,2024-07-05 07:24:25,f6cbd151367c83df13b27825fb5fbfd5c224b3bc,2024-07-05 07:24:25,0,0
anc95/chatgpt-codereview,.github/workflows/cr.yml,820ecd79174c5d4b14dcdb0b65fbe5f37014e50e,2024-11-22 03:22:21,238e1084367a9ffaef1a74878a4cf9abdf24d729,2024-12-11 03:27:20,19,2
everymutsa/every-mutsa,.github/workflows/cr.yml,2427df10346c05df3872229848bfb80343ed2e88,2023-06-24 15:41:34,2427df10346c05df3872229848bfb80343ed2e88,2023-06-24 15:41:34,0,0
cround-team/cround-server,.github/workflows/code-review-from-gpt.yml,8dcdd35a03ae671e7f7d9869c411166ba8dcfff0,2023-05-06 10:50:06,8974f7600727a4c32ad36646a873458352064ceb,2023-05-07 06:50:46,0,2
fec-cache-me-if-you-can/fec-cache-up,.github/workflows/cr.yml,24362740a35140c9f8eacdf7048b3ec508119742,2024-10-23 02:52:29,24362740a35140c9f8eacdf7048b3ec508119742,2024-10-23 02:52:29,0,0
team-pingping/pingping-fe,.github/workflows/cr.yml,74407f42f325b005ed1677c82817397047d8c88f,2025-01-08 20:42:55,74407f42f325b005ed1677c82817397047d8c88f,2025-01-08 20:42:55,0,0
potenday-project/311ten003,.github/workflows/Code-Review.yml,62dd8a812556171f0876c55f104d6c1d7c88a3f4,2023-11-04 07:33:49,74e34b92ea0aff8059e28d4933873855a1aad466,2023-11-04 09:19:48,0,1
bcsdlab/koin_admin_v2,.github/workflows/cr.yml,8ce1878ed425c43de6556464b3761509832165b7,2024-09-09 04:08:15,9562fb7ed0af80db304f7d29cf9981e23caf242f,2024-09-22 11:08:18,13,6
boocam-project/fasttime-backend,.github/workflows/cr.yml,f3aa1c96185110904961fe31eb22a46841e4aceb,2024-03-05 13:09:24,e9a42e5f39838c7f4eff59579cf4a9f4da401278,2024-03-07 09:05:01,1,3
ununifi/chain,.github/workflows/cr.yml,a882b585d967db399cade2078e711fa9b4e9936c,2023-03-23 02:31:15,81f211fe6c256a1cf2ebc13e086765d3982f2e99,2023-06-05 06:48:16,74,3
6-dreaming-stars/space-star-front-monorepo,.github/workflows/cr.yml,b41ac58a06689d760a9baecd639e58f7861db684,2024-05-23 06:07:59,ddee5195e2c62145525041894c56520ac148d7e0,2024-05-23 06:12:30,0,1
jhkim-a/codereview,.github/workflows/cr.yml,4497e3aa01d507cee05ab5eee6574d56b91a95b6,2024-05-27 10:14:32,4497e3aa01d507cee05ab5eee6574d56b91a95b6,2024-05-27 10:14:32,0,0
webankfintech/fes-design,.github/workflows/cr.yml,dca0d5c011c6504adaaa67e7ab1f0a67af2254a0,2023-03-21 06:37:03,7135ed3d138aacddb5fe34d18405672067e4a6fb,2023-08-25 04:58:24,156,1
ddd-community/chevit-android,.github/workflows/code-review.yml,b9cd69864bba0480097650b99828010e4e2f32c0,2023-06-05 15:59:38,d7cfc082e4f71fc58b2873edd2c3ef1789b75435,2023-07-10 14:33:29,34,3
talljack/react-starter,.github/workflows/cr.yml,84f91a44d2fc615d34e9db76fab726d8fa2b5a66,2023-04-03 06:07:18,84f91a44d2fc615d34e9db76fab726d8fa2b5a66,2023-04-03 06:07:18,0,0
wizmap/wizmap2,.github/workflows/cr.yml,96f1b5b3eadac4e06eefa81ad5beb167ca5a6cf9,2024-07-10 00:24:10,96f1b5b3eadac4e06eefa81ad5beb167ca5a6cf9,2024-07-10 00:24:10,0,0
vladislavpetyukevich/gulaggazroom,.github/workflows/cr.yml,678f2ddb35a0a66ffb8941325f9db808d760d972,2023-03-23 15:58:40,678f2ddb35a0a66ffb8941325f9db808d760d972,2023-03-23 15:58:40,0,0
let-s-record-it/server,.github/workflows/codereview.yml,6457f850072fdb9d1e8b92685af11d3273490aa2,2024-04-15 16:55:56,6457f850072fdb9d1e8b92685af11d3273490aa2,2024-04-15 16:55:56,0,0
dsm23/dsm23-next-markdown-blog-starter,.github/workflows/cr.yml,f7c5c66dd74828b1a68df7c560abbd70e223d323,2024-09-23 14:45:39,c3f822ca44cdc0f37250f6228ed50b33e88a50cd,2025-01-12 16:44:35,111,1
mate-academy/layout_catalog,.github/workflows/main.yml,8f80ce7dfee12490d7d63a51255026324ed2d174,2023-03-23 14:35:15,729a4006359d5cfe70237dd0847837e09cc03507,2023-03-23 14:48:13,0,1
ununifi/web-apps,.github/workflows/cr.yml,0bb51c0660d2fadcfeb9669630b5c9dccc90ddb5,2023-03-23 10:22:01,604a0f277ca5f19ef68e3041b328d95b2fb13b34,2023-06-05 06:48:34,73,4
bcsdlab/bcsd_internal_web,.github/workflows/cr.yml,a3a26ce3b280610b9fb5d407cd7eb82f1ee02a93,2024-09-06 17:10:44,c2ec0bc0c07205681f7ede9917075942d2caf5eb,2024-09-22 11:09:08,15,8
almond-bongbong/react-simple-toasts,.github/workflows/99_codereview.yml,41e0042ea2e050da2ad909409c10dfcac9367339,2023-08-26 01:45:50,41e0042ea2e050da2ad909409c10dfcac9367339,2023-08-26 01:45:50,0,0
sinproject-inc/sinpro-dev,.github/workflows_/cr-anc95.yml,ca4dd20bb344697bfed06fb26601f394c1ceb3f7,2023-09-04 01:50:41,ca4dd20bb344697bfed06fb26601f394c1ceb3f7,2023-09-04 01:50:41,0,0
k-slave/petbook-client,.github/workflows/cr.yml,944d719f3677c0cccddef027b60a1972622238a6,2023-04-29 05:13:23,944d719f3677c0cccddef027b60a1972622238a6,2023-04-29 05:13:23,0,0
yju-okura/project_minori-nest-deployment-repo,.github/workflows/cr.yml,bedb3cffcffa5dfdc50c1f1d895c7628de998bea,2024-01-25 04:44:30,bedb3cffcffa5dfdc50c1f1d895c7628de998bea,2024-01-25 04:44:30,0,0
sidhantpanda/docker-express-typescript-boilerplate,.github/workflows/code-review.yml,775b4d34899778e8567df1def8aeeffdc6ccfe37,2023-04-11 13:30:29,74f8097be1117f7340c2dde1ba6b20ab2ff4f87d,2023-04-11 13:30:29,0,2
sparcs-kaist/otlplus-server,.github/workflows/code-review.yml,8dbc5141e458f4a88d151c6a0c1d1c36888c2c8c,2024-08-19 11:52:29,f01c64e66745cc60b53617cdcd23c6196ee7fdda,2025-01-14 13:50:57,148,1
yapp-github/24th-web-team-1-fe,.github/workflows/gpt-code-review.yml,6813fe1154651c0685896f3a4190a8b33c9dce30,2024-06-04 05:22:37,f29d0b4193666ea21368e9bb128d8ed92fe4260e,2024-06-10 00:37:42,5,1
reisene/hulajdusza-serwis,.github/workflows/cr.yml,1bfa8fa51b61ba8d9978c0d75ea80b8b9aefab56,2024-09-23 18:30:31,e86ab1b131b600dca9a7d8bf8698fa1d2f0cec78,2024-09-27 23:28:54,4,1
team-blockvote/capstonedesign,.github/workflows/cr.yml,e5accb322d122c4f4511619e5a2aeb90ca6e48d0,2023-03-31 13:30:41,dda7a550b60068fee61512f7d666d7c2aba25ba5,2023-03-31 17:54:10,0,1
sullivanpj/open-system,.github/workflows/cr.yml,518b9ccea0822dc5d04231b2b98257fc27256377,2023-06-22 20:09:42,0fb6adf86fc8b5068ac697289905f1c4fedea546,2023-06-23 00:33:05,0,1
quickswap/interface-v2,.github/workflows/code-review.yml,daa9e7166da2a19761a3ee959f9c06c70bf89e7b,2023-03-25 04:38:33,daa9e7166da2a19761a3ee959f9c06c70bf89e7b,2023-03-25 04:38:33,0,0
dsm23/parkrun-organise-pacer-events,.github/workflows/cr.yml,899bbbb04b54e5b63da697fa081b860059da094c,2024-12-08 17:27:15,899bbbb04b54e5b63da697fa081b860059da094c,2024-12-08 17:27:15,0,0
okdohyuk/okdohyuk-front,.github/workflows/cr.yml,423cfab24ccc8801422806497f4d631120660945,2024-10-23 11:30:12,423cfab24ccc8801422806497f4d631120660945,2024-10-23 11:30:12,0,0
ujeans/oxox,.github/workflows/main.yml,027f2172d43656b70c477ca6bb98161d7f31d968,2024-07-21 08:26:39,026963f0d24abd08952ae01d82a582877bdc9566,2024-07-21 14:50:15,0,1
cty288/capstone,.github/workflows/code-review.yml,6030ff990c8766ae1493e4396bea7c63a8f1f79a,2023-11-10 21:19:49,262043a05e3891c4be973975466dffe4fad9198f,2023-11-10 21:47:48,0,3
dsm23/dsm23-next-supabase-template,.github/workflows/cr.yml,bc223494654389fd9bf6340411a31b805fb70443,2024-09-25 17:15:05,1bfbb9028842024c9abf562345535a9b36d01470,2025-01-08 17:45:11,105,1
appbaseio/reactivesearch-api,.github/workflows/code-review.yml,7c3b7456b4a556469d201bb2670db0346c43e87c,2024-06-17 11:36:10,7c3b7456b4a556469d201bb2670db0346c43e87c,2024-06-17 11:36:10,0,0
andrewshin-7th-technology-student/build-ci,.github/workflows/cr.yml,35b4c6f013cd0bc427390753877d0944a62d34ba,2024-10-22 01:19:15,fe88697b485eb198d65dfc917f25b58e812fee26,2024-10-22 06:25:41,0,1
storm-software/cyclone-ui,.github/workflows/code-review.yml,fc42a04502ba9c0732a2588e905a4fde245bef77,2024-04-11 08:12:29,fc42a04502ba9c0732a2588e905a4fde245bef77,2024-04-11 08:12:29,0,0
kdt-final-team4/salarying-fe,.github/workflows/cr.yml,0b8c330bbefb28dbe4b931ddf977d7bddef0d285,2023-03-27 06:26:16,5ea333c9686640944db09c33c7e0d94defa5a304,2023-04-07 06:40:24,11,3
techeer-blabla/techeer-resume,.github/workflows/codereview.yml,50e94a8acc9d674b63e8a452e0499d15f10efec7,2024-09-21 17:45:39,6f0270fdfd50467d05c4c649779c733504c957e4,2024-10-06 14:32:19,14,2
pokt-network/pocket,.github/workflows/cr.yml,336cbf28a61746d8a32c58ed5ce5464434e5c51e,2023-04-06 18:45:30,336cbf28a61746d8a32c58ed5ce5464434e5c51e,2023-04-06 18:45:30,0,0
innovationcamp/messenger-service,.github/workflows/workflow-PR.yml,e515d2ef7265cf18783ed99cb43fa4374c119d14,2023-08-18 04:41:00,8619d343e442a62d01d701907856a63ff77ea631,2023-08-18 15:01:50,0,5
sj-distributor/postboy.web,.github/workflows/CodeReview.yml,31b1a7704584db7f3dc7832c46280160f79bb521,2023-04-10 11:45:10,e7e9b77bcd643ca6a67396387f95f4ba2c077dda,2023-04-14 01:10:50,3,2
clickcaramel/polyglotrocks,.github/workflows/gpt-review.yml,8bb4757c110bc309768e94cd8d000923945fe19b,2023-03-17 16:57:44,8bb4757c110bc309768e94cd8d000923945fe19b,2023-03-17 16:57:44,0,0
two-clock/backend,.github/workflows/ci.yml,51df3e18691e4b6c253cd005294beab969b14dd7,2024-07-20 15:10:05,1d9c40342fe65e36308642c6359ba5ab315fdc8f,2024-09-07 15:00:45,48,2
leebyeongmuk/nextjs-starter-kit,.github/workflows/review.yml,863e5b30439c2684019fcf8628404233e690874f,2024-09-07 15:40:47,3df5728c26688f03d3a326b96e293f821a8561cd,2024-09-19 05:26:20,11,1
blazity/next-news,.github/workflows/cr.yml,fa9a0bc707895184001eda4509940ac271f0d937,2023-09-04 08:17:06,4537f57cfb1034a33850830eddff982482935f98,2023-09-27 12:45:20,23,4
the-first-dance/soomga-frontend,.github/workflows/code-review.yml,5c20f9c27bb960e18f9ff10c7f2b649e5b341dc9,2024-02-21 05:56:57,5c20f9c27bb960e18f9ff10c7f2b649e5b341dc9,2024-02-21 05:56:57,0,0
kea-dokebi/dalkom-backend,.github/workflows/GptCodeReview.yml,b5bd41f0c428323883281c3b7fc24020203205c4,2024-02-15 00:19:55,b5bd41f0c428323883281c3b7fc24020203205c4,2024-02-15 00:19:55,0,0
sword-x-shield/pizza-ui,.github/workflows/code-check.yml,96e762b35e82a342606ffa600966c1eeb085525c,2023-03-23 02:35:35,96e762b35e82a342606ffa600966c1eeb085525c,2023-03-23 02:35:35,0,0
2lambda123/dragonflyoss-dragonfly2,.github/workflows/cr.yml,49ad38e7d9c675880f13044721e7de3d1a07bdb1,2023-06-28 09:34:46,6f866ad858d8bc9bed33df3f0b5373a31d87e051,2023-06-28 09:34:49,0,1
jakobnunnendorf/shop,.github/workflows/cr.yml,06f07fbaf4c6351b6523a7ff7b4e7f9cd32a70b0,2023-05-27 16:44:05,66931824ce4a98f95166c35e241c4eb12e4bfb8b,2023-06-15 11:11:18,18,2
project-catcher/batch-service,.github/workflows/cr.yml,335a939ebbd9016ad7dbe312ea8daee08a605839,2023-11-04 08:40:15,7ca031ff037410a3ddf974f90a07c475520a9beb,2023-11-20 16:03:32,16,1
bingryan/wechatai,.github/workflows/cr.yml,8f96527bf06e7b48e4163bf0b8cb6c2d66792b3e,2023-04-26 07:37:35,8f96527bf06e7b48e4163bf0b8cb6c2d66792b3e,2023-04-26 07:37:35,0,0
nextintern/nextintern-backend,.github/workflows/cr.yml,199c3dd2bf40c8f9d8b92a64ca9bf5a956fc0411,2024-06-09 09:33:10,bf27bd896f5d032cedb077c94c3e746483d9f868,2024-06-09 09:35:46,0,1
jadekim042386/my3d,.github/workflows/cr.yml,cfc9b2ff817b0bdcc847441f352a647b9840c10a,2024-01-15 10:22:36,6209ee6e176c09f4c31bb7a31037ed4db7755c94,2024-01-15 12:13:55,0,1
yasushikobayashi/samples,.github/workflows/cr.yml,c9acaa0c0e54aeff6eb03b6660febf775ba8666d,2023-06-04 08:59:13,c7d27dd97822643e12e6512c913c72471136a6b3,2024-03-01 07:50:26,270,9
amit-kumar56/techiebuggie,.github/workflows/cr.yml,bde4045ad419c3ae82fc6daa0ec6b09f62d8f6bd,2023-07-29 10:17:08,5b236b839a79734ca87f75adbc12de1e3aad8667,2023-10-15 13:03:31,78,2
sunjin110/folio,.github/workflows/cr.yml,881d9b09f3a63b46c577a17aefffae0f169e9e12,2024-07-28 05:34:41,989fbc74bfb74529fb916838b10de51340d62bc8,2024-08-04 02:57:04,6,2
lkcozy/web-scraper,.github/workflows/codeReview.yml,0149246da7c99f518a5d52673e5928fc53385789,2023-03-10 06:03:50,f808f27ed45857e8fe1be4e303007d5976eb8f6e,2023-08-15 06:07:37,158,5
kuddy-2023/kuddy-back,.github/workflows/cr.yml,6aa146845766ada84fa7d01aadee96de11ede970,2023-10-07 05:23:23,0a20e706980e489db61806859b4953e505288740,2023-10-07 06:41:21,0,2
the-first-dance/soomga-backend,.github/workflows/code-review.yml,ac6bc306a9356916b662afebb080deeb0d28e6c6,2024-02-20 14:05:06,1ae4bca2ebe56a8c7655273f885f339639141ca5,2024-02-21 05:49:21,0,1
le2sky/mealkitary-server,.github/workflows/mealkitary-code-review-automation.yml,4f0b447e4f122a8d8f9dc6911694635d3295b403,2023-08-21 14:41:34,4f0b447e4f122a8d8f9dc6911694635d3295b403,2023-08-21 14:41:34,0,0
ant-design/ant-design-mini,.github/workflows/chatgpt_code_review.yaml,15de2403309cbe0f949fc640d15084a94ac79450,2023-03-23 12:11:52,15de2403309cbe0f949fc640d15084a94ac79450,2023-03-23 12:11:52,0,0
dokimiki/manabo-next-front,.github/workflows/aicodereview.yaml,d441f8924179ecc499098295ef326eeff16c202f,2024-07-18 11:46:58,d2dde48986becac1073f1aa2abfec271cbcc983d,2024-07-18 22:38:09,0,2
leoac0/hello-world-typescript_actions,.github/workflows/disable/cr.yaml,511caf88edd89c126abb156f9d7902de36cd8a05,2024-02-02 19:49:40,511caf88edd89c126abb156f9d7902de36cd8a05,2024-02-02 19:49:40,0,0
takemo101/cms-tool,.github/workflows/code-review-pr.yaml,faea320758cc5e8de29bebb70c7d1e28d11bd21a,2024-06-26 14:25:41,49181b3a09958f5a74dbc0ac14f7392ba2b14198,2024-07-09 07:46:53,12,4
jakoss/androidarchitecturetemplate,.github/workflows/cr.yaml,98c32ecfd7feb7248e85bd4bbfbc0ee52f3cd9a5,2023-04-25 07:07:07,98c32ecfd7feb7248e85bd4bbfbc0ee52f3cd9a5,2023-04-25 07:07:07,0,0
opentiny/tiny-vue,.github/workflows/gpt-ci.yaml,a278aec6ac005459e6a693eb9fcaff43a2f66c48,2024-02-27 02:12:34,a278aec6ac005459e6a693eb9fcaff43a2f66c48,2024-02-27 02:12:34,0,0
kubebb/core,.github/workflows/gpt-review.yaml,a3e8e095cbbdf58acd83a11a5280f95b7b939175,2023-06-26 06:15:43,a8b0f41d4ab70415aed4f827f930f3c4c93bda62,2023-07-06 02:47:21,9,2
daniel-juyeon-kim/quicker-back-v2,.github/workflows/code-review.yaml,e8dade319413de65b728b692a93f3315735aed07,2024-08-14 01:26:02,7939442735ffa0ecc2140203af3eb00a85da9e82,2024-12-02 09:17:28,110,8
fluid-dev/hexo-theme-fluid,.github/workflows/cr.yaml,0b064f9127713582f23e2afcc6ca85543fced692,2023-07-06 08:25:34,0b064f9127713582f23e2afcc6ca85543fced692,2023-07-06 08:25:34,0,0
ducretje/std-deploy,.github/workflows/gptpr.yaml,02e9f7e2aa5dc5306854312924849f80b455faaf,2023-04-14 17:15:22,02e9f7e2aa5dc5306854312924849f80b455faaf,2023-04-14 17:15:22,0,0
ikuwow/query_ok,.github/workflows/code_review.yml,c050f8b32cac77702d979ec24c0a482cdb4e4725,2024-07-27 11:23:46,85dace05ca59f9f087c3a5902c1412e3405e20a1,2024-08-01 14:33:04,5,1
hyochan/react-native-audio-recorder-player,.github/workflows/code-review.yml,3784eed4a7155a596f5ce7bd25c3b1e8e2ad3dbe,2024-06-11 06:01:06,d725be0f0e222c9e39f9ffafb7d7a3881a231b41,2024-09-03 01:13:51,83,2
hyochan/react-native-iap,.github/workflows/code-review.yml,55280c83183f784e6480cf5129180025a274edb4,2024-06-11 16:20:04,feae8d96f883472ab37adb825eafd03b2aa15d50,2024-08-04 04:54:54,53,2
pass-culture/data-gcp,.github/workflows/on_pr_review__gpt.yml,27dd9ced3bb39b85e78a0ce416e3681375718983,2024-11-06 14:14:05,f613f068dc130d50e0bd388339303fed6cfebfdc,2024-11-19 10:43:05,12,1
dgruber/drmaa2os,.github/workflows/prgput.yml,5152503630a9a01f8de6f8795c0f843682de6dff,2024-08-27 08:34:09,c3553b440eb3a006485773dcadf39248f2afbc4e,2024-12-19 12:42:14,114,3
kanaries/graphic-walker,.github/workflows/code-review.yml,5b949ef6a699d8aab77c149aab0ff007a947a611,2023-11-18 20:43:08,5b949ef6a699d8aab77c149aab0ff007a947a611,2023-11-18 20:43:08,0,0
audioland/dub-nextjs,.github/workflows/crgpt.yml,c091c56f6dbd1e6bb8ac123ea672ee870ddc3787,2023-10-19 12:56:06,c091c56f6dbd1e6bb8ac123ea672ee870ddc3787,2023-10-19 12:56:06,0,0
blackhorseya/godine,.github/workflows/pr.yaml,83f192cd3d14ff8a2c26eef6e581ebdfea76215f,2024-06-23 02:05:59,aa48dbfec8f1d97233717713a1c4eb17be8c0f8a,2024-08-20 05:41:44,58,1
pass-culture/api-data,.github/workflows/on_pr_review__gpt.yml,7c80a947af3d29a257c7794e403b67946f102b28,2024-11-22 14:36:36,7c80a947af3d29a257c7794e403b67946f102b28,2024-11-22 14:36:36,0,0
blackhorseya/pelith-assessment,.github/workflows/pr.yaml,d88673b9f074bba3b651ca28aec9b8d74ebafd9c,2024-11-19 07:23:12,d88673b9f074bba3b651ca28aec9b8d74ebafd9c,2024-11-19 07:23:12,0,0
bettersocial/bettersocial-dev-queue,.github/workflows/ai-pr-reviewer.yml,8a9cb249f0624fdb6bf39ba0a07accc68da75e5e,2023-10-25 04:20:41,74eacd287ba9835b9269b9923c2809fa49cb431a,2023-12-20 08:04:11,56,1
sainsburywellcomecentre/aeon_mecha,.github/workflows/gpt_pr_review.yml,2ef50a54970490fc9eb497ca17c6f063521cb6d2,2023-09-01 16:46:49,ef503d21a510e24bd40a007ba1734415057126a6,2023-09-03 18:36:19,2,2
lightspeedwp/tour-operator,.github/workflows/ai-pr-reviewer.yml,39736594a2eea50f487f9cfbcb65a7cc84e1dede,2024-10-10 10:10:10,39736594a2eea50f487f9cfbcb65a7cc84e1dede,2024-10-10 10:10:10,0,0
blackhorseya/ryze,.github/workflows/pr.yaml,488da6a00d7568e96bdec3e7ea02f2014cbc7ce0,2024-07-25 02:42:24,84d426e6a8a3def00a75583fd599368d9ee60f57,2024-08-11 01:24:56,16,1
saiqulhaq/dynamic_links,.github/workflows/ai_pr_reviewer.yml,91c009b051139bcb938a626118393d0714cdfc19,2024-01-01 08:55:15,91c009b051139bcb938a626118393d0714cdfc19,2024-01-01 08:55:15,0,0
pkjmesra/pkscreener,.github/workflows/W17-ai-pr-reviewer.yml,d09b031bc81794f5b427e9ae36fc73e8c68d2f46,2024-07-10 06:38:22,4e670ed984fe9a7b5d5ee29a30cadcff21c4b6af,2024-07-10 12:37:30,0,1
gatewaydw/workflow-host-dbt-docs,.github/workflows/ai_pr_reviewer.yml,bd954f72692b779ba3a2c91284f2081ccecd51a7,2023-11-27 20:56:02,bd954f72692b779ba3a2c91284f2081ccecd51a7,2023-11-27 20:56:02,0,0
mayank77maruti/603workved,.github/workflows/pr_summary.yml,7e0c1a5f16b8c50d11bd377dfb696228c2aa6292,2025-01-14 19:41:50,7e0c1a5f16b8c50d11bd377dfb696228c2aa6292,2025-01-14 19:41:50,0,0
aziontech/azion-console-kit,.github/workflows/ai-review.yml,62dec45f5e343a212c730a0e4a85e15f3d982c82,2025-01-31 19:10:12,62dec45f5e343a212c730a0e4a85e15f3d982c82,2025-01-31 19:10:12,0,0
codrux2200/rtype,.github/workflows/ai_coderabbit.yml,886289b60ddc8588bcab012904d647472a53ac11,2023-10-15 19:13:46,5427c98263d3c6c2c2cd26a87b9362bff0d009ac,2023-10-15 19:23:11,0,1
cuculus-dev/cuculus,.github/workflows/ai-pr-reviewer.yml,7e45033db6f8ca6711e3e03a7f08253c01a29bfa,2023-12-13 08:11:10,bcceb2ece2c0700620dea3e29a27b258ee633812,2023-12-13 08:33:02,0,2
brisen-app/brisen-client,.github/workflows/pr-summary.yml,ccad80f2210c4994adca60df93cc4043733bbfe1,2024-03-23 19:54:47,98b04746fc4e4709b128032c8ce3bc0a9cb06bff,2024-10-05 21:28:27,196,25
dev-fe-1/toy_project_ii_team4,.github/workflows/ai-pr-reviewer.yml,e034a816d8aaef664d9f5daef5c57bf7aaa2e4a5,2024-08-06 02:40:55,140a2fa92484de74e455e41e05535978bccd75bd,2024-08-17 05:32:14,11,5
taiki130/pill_notify,.github/workflows/ai-pr-reviewer.yml,0949166cefd7c425f6ef65f7852a3852be9fd146,2024-02-09 07:41:47,43d7705925151f59efb34c7bbdbb1d28f3902172,2024-02-17 06:59:06,7,2
xun082/create-neat,.github/workflows/code-review.yml,17c0c768c38f16e88ec2772a09e0cd511ee471d6,2024-03-18 14:28:27,ff5c8180528edacb68939ac66dc9cf87640574cd,2024-07-09 15:48:39,113,1
riya-amemiya/pam,.github/workflows/openai-pr-reviewer.yml,4cc63376f3f392e61684c858c833c8d7fcee1578,2023-09-13 07:32:54,4cc63376f3f392e61684c858c833c8d7fcee1578,2023-09-13 07:32:54,0,0
bettersocial/user-api,.github/workflows/review_and_testing.yml,e81872574b33650fe87276f589f9d5efb8f3d995,2023-10-26 03:33:04,fbc5e3ab1dde75351201bcba85139be489b9f7fd,2023-10-26 03:37:14,0,1
corantgmbh/iobroker.air-q,.github/workflows/gh_code_review.yml,78428aa86fa3461cb208c54ea3c9cba61ca1e44e,2024-10-28 17:33:24,78428aa86fa3461cb208c54ea3c9cba61ca1e44e,2024-10-28 17:33:24,0,0
bettersocial/mobileapp,.github/workflows/review.yml,5c41fc1e7ee9ca4bade4219acc19fdc38310b553,2023-10-26 04:09:23,a2c06c9739bb1ebb683ccf01a798aae1c3a536b5,2023-12-18 15:12:14,53,3
open-quran/quran,.github/workflows/ai-pr-reviewer.yml,36c27070281f0f92e8c1245b038e604577cdbe93,2023-07-31 19:34:21,36c27070281f0f92e8c1245b038e604577cdbe93,2023-07-31 19:34:21,0,0
parkpow/deep-license-plate-recognition,.github/workflows/code-review.yml,c0c89739f9c45228193fa8ba42cf19d480e3ca6c,2024-10-15 09:59:51,99cfd194948b53e829cbbbc23be1c5d208f70d74,2024-10-21 11:32:32,6,3
imajoriri/tokeru,.github/workflows/ai-pr-reviewer.yml,1bf3daff5211fcb9fc10a04090d4bfc80b44ad01,2024-02-11 05:39:11,060e01628c79844e8cc9f64fbc8f2fe613d306e8,2024-03-13 12:13:18,31,5
dev-fe-1/toy_project_3_team4,.github/workflows/ai-pr-reviewer.yml,021bdecf2b4c34fe46eec039888697767bace35e,2024-08-17 05:51:55,24f22adf5c74a882fc98ac2ae75058fde050dc29,2024-08-25 07:51:53,8,1
decide-ai/modclub_src,.github/workflows/pr_reviewer.yml,cae1f139e9d1318c277f35897ccda4a98049e1be,2024-01-16 04:34:23,cae1f139e9d1318c277f35897ccda4a98049e1be,2024-01-16 04:34:23,0,0
christophechr/learea,.github/workflows/ai_coderabbit.yml,0921778f09e4fe4120ed794ce4dc632ae75e9aec,2023-12-18 18:58:29,732f68a70915943aa9ac5d00e87156e43caa24ec,2024-01-13 16:37:45,25,1
suzu784/back_programming_learning_record,.github/workflows/ai-pr-reviewer.yaml,d5255a3dab6a26cebe3e56c74d99cacfc4b9f50e,2024-11-24 13:02:08,8cb9d4fc8097635f6d09d6660e7cd8c82d88c91e,2025-01-25 04:02:13,61,2
bettersocial/better-webapp-nextjs,.github/workflows/review.yaml,abbea439090b28cc6ae90c3552d9c56212aced84,2023-11-14 14:17:54,abbea439090b28cc6ae90c3552d9c56212aced84,2023-11-14 14:17:54,0,0
ktaroabobon/iccepm2024,.github/workflows/ai-pr-reviewer.yaml,6e898e51370117ff7697775aaa893383aef5cf34,2023-08-09 16:20:49,1671e9de17da4cb977c619480c51f1dd407eb60e,2024-03-13 08:39:36,216,7
alekstheod/tnnlib,.github/workflows/code_review.yml,ee8ce2694858ba3e78eaf817ca222b3f7d626a03,2023-07-08 13:00:41,ee8ce2694858ba3e78eaf817ca222b3f7d626a03,2023-07-08 13:00:41,0,0
mrako/week-number,.github/workflows/openai.yml,ab301998ceb057e43b5d08e968798c4206fcc286,2023-06-06 10:32:58,aef6ce01382800b0ce38e46a713b0d2718b51dbd,2024-03-19 17:13:45,287,2
nrfconnect/sdk-nrf-testing,.github/workflows/openai.yml,7c3496a12ef87850535add21c198e7a50056a500,2025-01-08 13:51:40,7c3496a12ef87850535add21c198e7a50056a500,2025-01-08 13:51:40,0,0
mt-krainski/yet-another-flight-scanner,.github/workflows/ci.yml,b0bd855f8ff90b8e9aabaff68a197d0452b3b226,2024-07-28 23:22:26,9306e0446181236be5ab88854459f711acdb3dcc,2024-07-31 01:52:28,2,4
peterliapin/onlinesales.core,.github/workflows/ai_code_reviewer.yml,8ef31187ad33135a86c18532e9b3ff3094ee80f2,2024-02-22 17:04:02,8ef31187ad33135a86c18532e9b3ff3094ee80f2,2024-02-22 17:04:02,0,0
jhopley-stadion/v3-release-workflow,.github/workflows/ai-code-review.yml,de4088c8b20549029a9e72aaef0afd17302b12cb,2024-10-15 10:31:02,e5fef5e1a89b7be9b7329ecc63fdeeb5644dd037,2024-10-15 14:31:48,0,4
xencon/aixcl,.github/workflows/code-review.yml,015a0324d35a83dc2da44f493f1fcab855f07643,2024-07-05 09:34:04,015a0324d35a83dc2da44f493f1fcab855f07643,2024-07-05 09:34:04,0,0
actions-marketplace-validations/kxxt_chatgpt-action,.github/workflows/chatgpt.yml,1f5b03dbb8e10886e1c9a4435f4bb4409c43feb3,2022-12-08 04:58:31,1f5b03dbb8e10886e1c9a4435f4bb4409c43feb3,2022-12-08 04:58:31,0,0
kxxt/kxxt-website,.github/workflows/chatgpt.yml,67e14cb7c19ccbc18b455948530b770e32b9ae16,2022-12-07 14:24:55,bd40bb9863db1f745f278deded529e12e2b0d6be,2022-12-08 04:32:53,0,1
ob-f/openbot,.github/workflows/gpt_review.yml,6eb23a98b6d233e1a8a6d2c2489ef69870eb04b9,2024-06-02 02:54:50,4bfd1ce645d58aaf13e777d763b393a21dfbe920,2024-06-02 08:13:38,0,3
azure/bridge-to-kubernetes,.github/workflows/chatgpt-review.yml,1a8d7b91c07cb8af41173881cfd83777c48f2968,2023-04-03 21:02:32,7952c8bea7d8efbf9d77f6cbb07f47205f896fa8,2024-02-21 21:41:03,324,2
adshao/go-binance,.github/workflows/review.yml,ea518551c7159e03b40aef127a9e0c1598866678,2023-03-03 03:50:26,25b12644ec40dcb3fd54add6c72851ba6734d0da,2023-04-24 10:30:00,52,3
aws-samples/jp-prototyping-blog,.github/workflows/review.yaml,6b917118fa4244df6dcbcbd7843c58bbc863dd10,2023-11-16 09:30:53,aa8be1bf278eb3e00a30063a98cb5c99ecef23a0,2023-11-17 08:54:11,0,1
wenijinew/eu.tmux,.github/workflows/main.yml,0952a4413419afe4e68161270322fe8e1a79cf28,2023-08-30 18:00:05,1c5a23b3bbb5a7d0576a9a1fb6cfde86aaf5feaa,2023-10-31 19:09:33,62,3
hilesystem/local,.github/workflows/robin.yml,9c863ecc67b7b3ecb4bacda98599200f2d08ce9e,2023-05-11 22:03:47,82129357ac0a7d7ac1be84bd38f3856a07bc0677,2023-05-15 21:17:51,3,2
pathfinderhonormanager/pathfinderhonormanagerui,.github/workflows/robin.yml,0386edf8151414cd445552094248f7a111303634,2023-07-09 12:46:02,0b635d27d2d5aefdd083cfc0e61b2444d4fa799a,2024-07-15 04:32:40,371,6
iluwatar/java-design-patterns,.github/workflows/presubmit.yml,1bfdf21469fc2468d11fb579dcfa5f67ad8d68cd,2025-01-12 12:19:45,fee3c43f20ac17e98dd96a8ce07988f5d0dfd120,2025-01-12 16:26:41,0,1
vortechstudio/manager,.github/workflows/pr_update.yml,e131957c236159a83937bb7411afd7882a97231c,2024-05-17 19:05:57,b5122da44edd152f948ba57c65100f5009a6af90,2024-05-17 19:10:54,0,1
matteobaccan/vuedashboard,.github/workflows/chatgpt-code-reviewer.yml,12e2e1bac28ab54946158cc48ff173b1eda33e12,2024-08-19 08:40:29,092b1e5a2f3ad3f1aaeb80b0b9b6e470fc12bbcb,2024-08-19 08:44:12,0,1
heyho-systems/owlcommander,.github/workflows/code_review.yml,67a486d5199f7e4bd34e98a14b05c4d578fc302f,2024-02-07 09:06:06,67a486d5199f7e4bd34e98a14b05c4d578fc302f,2024-02-07 09:06:06,0,0
ca-risken/code,.github/workflows/code-butler.yml,769a42eb326ecba9d9c88ab7cd4c35dbabcb0a09,2024-04-02 06:57:44,769a42eb326ecba9d9c88ab7cd4c35dbabcb0a09,2024-04-02 06:57:44,0,0
ca-dp/code-butler,.github/workflows/code-butler.yml,a9b085c5ce9f056c429727a9af6db6f214f8a7cc,2023-09-26 07:27:23,1213050a549cfa03c9b03073ae73cb4acdbf0c4e,2024-04-09 09:09:20,196,17
ca-risken/core,.github/workflows/code-butler.yml,6e9e635171ac231ddc0daf156552579ec0b5c6bc,2024-04-01 03:08:55,6e9e635171ac231ddc0daf156552579ec0b5c6bc,2024-04-01 03:08:55,0,0
pipe-cd/pipecd,.github/workflows/code-butler.yaml,3a153c1a983bc4e876c5518af804c498517ecf0a,2023-11-01 02:38:53,903e98d1c5dc2a36b26f2f31abf8668d8cac8395,2025-01-17 08:17:58,443,3
project-catcher/catcher-web,.github/workflows/cr.yml,709f13ba8df2615060f8bc0cdc1c6db4440d4eb8,2023-10-20 17:47:46,61caadebcdc32f8f4baffc9d74130ecbfdd76bcf,2023-11-20 15:45:56,30,11
bucketeer-io/bucketeer,.github/workflows/code-butler.yaml,4ca4e2f4e339859aa71346b92d3672eaf9ab7b37,2023-11-07 06:12:49,e92741993a781f1de2ecdbca3c67d6740c8fd687,2023-12-13 07:50:19,36,1
aidar-freeed/ai-codereviewer,.github/workflows/code_review.yml,ae9e33e25815ffe7d6a2e9662acc09a90b5c2b6e,2023-03-22 22:29:23,5c13a26204b18fc9903b4353f8a18ebd7b2f022b,2023-12-02 21:08:33,254,6
hongbo-miao/hongbomiao.com,.github/workflows/test.yml,f0ce66564406ff97f8446db43b256d9ad9dbf899,2023-03-28 08:50:03,44c1da75074c43b5c0d630febee678f0804c28bf,2025-02-04 10:27:58,679,378
