Affiliated_PR_URL,Comment_ID,Comment_URL,Repository,PR_Number
https://api.github.com/repos/jhopley-stadion/v3-release-workflow/pulls/263,1801289249,https://api.github.com/repos/jhopley-stadion/v3-release-workflow/pulls/comments/1801289249,jhopley-stadion/v3-release-workflow,263
https://api.github.com/repos/aidar-freeed/ai-codereviewer/pulls/10,1174426224,https://api.github.com/repos/aidar-freeed/ai-codereviewer/pulls/comments/1174426224,aidar-freeed/ai-codereviewer,10
https://api.github.com/repos/aidar-freeed/ai-codereviewer/pulls/10,1174425501,https://api.github.com/repos/aidar-freeed/ai-codereviewer/pulls/comments/1174425501,aidar-freeed/ai-codereviewer,10
https://api.github.com/repos/mrako/week-number/pulls/39,1343998585,https://api.github.com/repos/mrako/week-number/pulls/comments/1343998585,mrako/week-number,39
https://api.github.com/repos/aidar-freeed/ai-codereviewer/pulls/10,1174425072,https://api.github.com/repos/aidar-freeed/ai-codereviewer/pulls/comments/1174425072,aidar-freeed/ai-codereviewer,10
https://api.github.com/repos/jhopley-stadion/v3-release-workflow/pulls/264,1801307910,https://api.github.com/repos/jhopley-stadion/v3-release-workflow/pulls/comments/1801307910,jhopley-stadion/v3-release-workflow,264
https://api.github.com/repos/aidar-freeed/ai-codereviewer/pulls/5,1150246018,https://api.github.com/repos/aidar-freeed/ai-codereviewer/pulls/comments/1150246018,aidar-freeed/ai-codereviewer,5
https://api.github.com/repos/aidar-freeed/ai-codereviewer/pulls/11,1174636320,https://api.github.com/repos/aidar-freeed/ai-codereviewer/pulls/comments/1174636320,aidar-freeed/ai-codereviewer,11
https://api.github.com/repos/mrako/week-number/pulls/34,1311552217,https://api.github.com/repos/mrako/week-number/pulls/comments/1311552217,mrako/week-number,34
https://api.github.com/repos/aidar-freeed/ai-codereviewer/pulls/5,1150246003,https://api.github.com/repos/aidar-freeed/ai-codereviewer/pulls/comments/1150246003,aidar-freeed/ai-codereviewer,5
https://api.github.com/repos/mt-krainski/yet-another-flight-scanner/pulls/4,1694378088,https://api.github.com/repos/mt-krainski/yet-another-flight-scanner/pulls/comments/1694378088,mt-krainski/yet-another-flight-scanner,4
https://api.github.com/repos/aidar-freeed/ai-codereviewer/pulls/10,1174425074,https://api.github.com/repos/aidar-freeed/ai-codereviewer/pulls/comments/1174425074,aidar-freeed/ai-codereviewer,10
https://api.github.com/repos/aidar-freeed/ai-codereviewer/pulls/10,1174420682,https://api.github.com/repos/aidar-freeed/ai-codereviewer/pulls/comments/1174420682,aidar-freeed/ai-codereviewer,10
https://api.github.com/repos/jhopley-stadion/v3-release-workflow/pulls/264,1801307909,https://api.github.com/repos/jhopley-stadion/v3-release-workflow/pulls/comments/1801307909,jhopley-stadion/v3-release-workflow,264
https://api.github.com/repos/mrako/week-number/pulls/31,1238264464,https://api.github.com/repos/mrako/week-number/pulls/comments/1238264464,mrako/week-number,31
https://api.github.com/repos/aidar-freeed/ai-codereviewer/pulls/4,1149862640,https://api.github.com/repos/aidar-freeed/ai-codereviewer/pulls/comments/1149862640,aidar-freeed/ai-codereviewer,4
https://api.github.com/repos/mt-krainski/yet-another-flight-scanner/pulls/9,1697790504,https://api.github.com/repos/mt-krainski/yet-another-flight-scanner/pulls/comments/1697790504,mt-krainski/yet-another-flight-scanner,9
https://api.github.com/repos/mrako/week-number/pulls/44,1389361588,https://api.github.com/repos/mrako/week-number/pulls/comments/1389361588,mrako/week-number,44
https://api.github.com/repos/aidar-freeed/ai-codereviewer/pulls/10,1174421188,https://api.github.com/repos/aidar-freeed/ai-codereviewer/pulls/comments/1174421188,aidar-freeed/ai-codereviewer,10
https://api.github.com/repos/aidar-freeed/ai-codereviewer/pulls/9,1155327110,https://api.github.com/repos/aidar-freeed/ai-codereviewer/pulls/comments/1155327110,aidar-freeed/ai-codereviewer,9
https://api.github.com/repos/mt-krainski/yet-another-flight-scanner/pulls/3,1694359392,https://api.github.com/repos/mt-krainski/yet-another-flight-scanner/pulls/comments/1694359392,mt-krainski/yet-another-flight-scanner,3
https://api.github.com/repos/aidar-freeed/ai-codereviewer/pulls/10,1174425076,https://api.github.com/repos/aidar-freeed/ai-codereviewer/pulls/comments/1174425076,aidar-freeed/ai-codereviewer,10
https://api.github.com/repos/aidar-freeed/ai-codereviewer/pulls/4,1149862641,https://api.github.com/repos/aidar-freeed/ai-codereviewer/pulls/comments/1149862641,aidar-freeed/ai-codereviewer,4
https://api.github.com/repos/mt-krainski/yet-another-flight-scanner/pulls/3,1694360261,https://api.github.com/repos/mt-krainski/yet-another-flight-scanner/pulls/comments/1694360261,mt-krainski/yet-another-flight-scanner,3
https://api.github.com/repos/aidar-freeed/ai-codereviewer/pulls/10,1174420676,https://api.github.com/repos/aidar-freeed/ai-codereviewer/pulls/comments/1174420676,aidar-freeed/ai-codereviewer,10
https://api.github.com/repos/aidar-freeed/ai-codereviewer/pulls/11,1174636560,https://api.github.com/repos/aidar-freeed/ai-codereviewer/pulls/comments/1174636560,aidar-freeed/ai-codereviewer,11
https://api.github.com/repos/aidar-freeed/ai-codereviewer/pulls/10,1174425507,https://api.github.com/repos/aidar-freeed/ai-codereviewer/pulls/comments/1174425507,aidar-freeed/ai-codereviewer,10
https://api.github.com/repos/mt-krainski/yet-another-flight-scanner/pulls/4,1694378087,https://api.github.com/repos/mt-krainski/yet-another-flight-scanner/pulls/comments/1694378087,mt-krainski/yet-another-flight-scanner,4
https://api.github.com/repos/jhopley-stadion/v3-release-workflow/pulls/264,1801307906,https://api.github.com/repos/jhopley-stadion/v3-release-workflow/pulls/comments/1801307906,jhopley-stadion/v3-release-workflow,264
https://api.github.com/repos/mrako/week-number/pulls/30,1238255757,https://api.github.com/repos/mrako/week-number/pulls/comments/1238255757,mrako/week-number,30
https://api.github.com/repos/aidar-freeed/ai-codereviewer/pulls/2,1145490072,https://api.github.com/repos/aidar-freeed/ai-codereviewer/pulls/comments/1145490072,aidar-freeed/ai-codereviewer,2
https://api.github.com/repos/mrako/week-number/pulls/40,1344003303,https://api.github.com/repos/mrako/week-number/pulls/comments/1344003303,mrako/week-number,40
https://api.github.com/repos/aidar-freeed/ai-codereviewer/pulls/5,1150245930,https://api.github.com/repos/aidar-freeed/ai-codereviewer/pulls/comments/1150245930,aidar-freeed/ai-codereviewer,5
https://api.github.com/repos/jhopley-stadion/v3-release-workflow/pulls/264,1801307919,https://api.github.com/repos/jhopley-stadion/v3-release-workflow/pulls/comments/1801307919,jhopley-stadion/v3-release-workflow,264
https://api.github.com/repos/aidar-freeed/ai-codereviewer/pulls/10,1174425077,https://api.github.com/repos/aidar-freeed/ai-codereviewer/pulls/comments/1174425077,aidar-freeed/ai-codereviewer,10
https://api.github.com/repos/aidar-freeed/ai-codereviewer/pulls/10,1174426214,https://api.github.com/repos/aidar-freeed/ai-codereviewer/pulls/comments/1174426214,aidar-freeed/ai-codereviewer,10
https://api.github.com/repos/jhopley-stadion/v3-release-workflow/pulls/263,1801289255,https://api.github.com/repos/jhopley-stadion/v3-release-workflow/pulls/comments/1801289255,jhopley-stadion/v3-release-workflow,263
https://api.github.com/repos/mrako/week-number/pulls/31,1238264471,https://api.github.com/repos/mrako/week-number/pulls/comments/1238264471,mrako/week-number,31
https://api.github.com/repos/nrfconnect/sdk-nrf-testing/pulls/280,1908762309,https://api.github.com/repos/nrfconnect/sdk-nrf-testing/pulls/comments/1908762309,nrfconnect/sdk-nrf-testing,280
https://api.github.com/repos/aidar-freeed/ai-codereviewer/pulls/10,1174426812,https://api.github.com/repos/aidar-freeed/ai-codereviewer/pulls/comments/1174426812,aidar-freeed/ai-codereviewer,10
https://api.github.com/repos/aidar-freeed/ai-codereviewer/pulls/3,1145496519,https://api.github.com/repos/aidar-freeed/ai-codereviewer/pulls/comments/1145496519,aidar-freeed/ai-codereviewer,3
https://api.github.com/repos/aidar-freeed/ai-codereviewer/pulls/2,1145490079,https://api.github.com/repos/aidar-freeed/ai-codereviewer/pulls/comments/1145490079,aidar-freeed/ai-codereviewer,2
https://api.github.com/repos/mt-krainski/yet-another-flight-scanner/pulls/9,1697790499,https://api.github.com/repos/mt-krainski/yet-another-flight-scanner/pulls/comments/1697790499,mt-krainski/yet-another-flight-scanner,9
https://api.github.com/repos/jhopley-stadion/v3-release-workflow/pulls/262,1801310920,https://api.github.com/repos/jhopley-stadion/v3-release-workflow/pulls/comments/1801310920,jhopley-stadion/v3-release-workflow,262
https://api.github.com/repos/jhopley-stadion/v3-release-workflow/pulls/262,1801310902,https://api.github.com/repos/jhopley-stadion/v3-release-workflow/pulls/comments/1801310902,jhopley-stadion/v3-release-workflow,262
https://api.github.com/repos/aidar-freeed/ai-codereviewer/pulls/4,1149858448,https://api.github.com/repos/aidar-freeed/ai-codereviewer/pulls/comments/1149858448,aidar-freeed/ai-codereviewer,4
https://api.github.com/repos/mrako/week-number/pulls/41,1369930512,https://api.github.com/repos/mrako/week-number/pulls/comments/1369930512,mrako/week-number,41
https://api.github.com/repos/aidar-freeed/ai-codereviewer/pulls/10,1174425079,https://api.github.com/repos/aidar-freeed/ai-codereviewer/pulls/comments/1174425079,aidar-freeed/ai-codereviewer,10
https://api.github.com/repos/aidar-freeed/ai-codereviewer/pulls/10,1174425511,https://api.github.com/repos/aidar-freeed/ai-codereviewer/pulls/comments/1174425511,aidar-freeed/ai-codereviewer,10
https://api.github.com/repos/aidar-freeed/ai-codereviewer/pulls/10,1174426198,https://api.github.com/repos/aidar-freeed/ai-codereviewer/pulls/comments/1174426198,aidar-freeed/ai-codereviewer,10
https://api.github.com/repos/mt-krainski/yet-another-flight-scanner/pulls/9,1697790509,https://api.github.com/repos/mt-krainski/yet-another-flight-scanner/pulls/comments/1697790509,mt-krainski/yet-another-flight-scanner,9
https://api.github.com/repos/mrako/week-number/pulls/38,1343124556,https://api.github.com/repos/mrako/week-number/pulls/comments/1343124556,mrako/week-number,38
https://api.github.com/repos/jhopley-stadion/v3-release-workflow/pulls/262,1801310917,https://api.github.com/repos/jhopley-stadion/v3-release-workflow/pulls/comments/1801310917,jhopley-stadion/v3-release-workflow,262
https://api.github.com/repos/aidar-freeed/ai-codereviewer/pulls/11,1174636318,https://api.github.com/repos/aidar-freeed/ai-codereviewer/pulls/comments/1174636318,aidar-freeed/ai-codereviewer,11
https://api.github.com/repos/mrako/week-number/pulls/31,1238264477,https://api.github.com/repos/mrako/week-number/pulls/comments/1238264477,mrako/week-number,31
https://api.github.com/repos/aidar-freeed/ai-codereviewer/pulls/4,1149858432,https://api.github.com/repos/aidar-freeed/ai-codereviewer/pulls/comments/1149858432,aidar-freeed/ai-codereviewer,4
https://api.github.com/repos/nrfconnect/sdk-nrf-testing/pulls/280,1908762302,https://api.github.com/repos/nrfconnect/sdk-nrf-testing/pulls/comments/1908762302,nrfconnect/sdk-nrf-testing,280
https://api.github.com/repos/aidar-freeed/ai-codereviewer/pulls/10,1174421186,https://api.github.com/repos/aidar-freeed/ai-codereviewer/pulls/comments/1174421186,aidar-freeed/ai-codereviewer,10
https://api.github.com/repos/aidar-freeed/ai-codereviewer/pulls/10,1174420675,https://api.github.com/repos/aidar-freeed/ai-codereviewer/pulls/comments/1174420675,aidar-freeed/ai-codereviewer,10
https://api.github.com/repos/aidar-freeed/ai-codereviewer/pulls/5,1150232235,https://api.github.com/repos/aidar-freeed/ai-codereviewer/pulls/comments/1150232235,aidar-freeed/ai-codereviewer,5
https://api.github.com/repos/jhopley-stadion/v3-release-workflow/pulls/263,1801302571,https://api.github.com/repos/jhopley-stadion/v3-release-workflow/pulls/comments/1801302571,jhopley-stadion/v3-release-workflow,263
https://api.github.com/repos/mrako/week-number/pulls/37,1343002159,https://api.github.com/repos/mrako/week-number/pulls/comments/1343002159,mrako/week-number,37
https://api.github.com/repos/aidar-freeed/ai-codereviewer/pulls/5,1150248906,https://api.github.com/repos/aidar-freeed/ai-codereviewer/pulls/comments/1150248906,aidar-freeed/ai-codereviewer,5
https://api.github.com/repos/aidar-freeed/ai-codereviewer/pulls/10,1174425504,https://api.github.com/repos/aidar-freeed/ai-codereviewer/pulls/comments/1174425504,aidar-freeed/ai-codereviewer,10
https://api.github.com/repos/mt-krainski/yet-another-flight-scanner/pulls/9,1697790501,https://api.github.com/repos/mt-krainski/yet-another-flight-scanner/pulls/comments/1697790501,mt-krainski/yet-another-flight-scanner,9
https://api.github.com/repos/mt-krainski/yet-another-flight-scanner/pulls/9,1697790494,https://api.github.com/repos/mt-krainski/yet-another-flight-scanner/pulls/comments/1697790494,mt-krainski/yet-another-flight-scanner,9
https://api.github.com/repos/aidar-freeed/ai-codereviewer/pulls/10,1174426196,https://api.github.com/repos/aidar-freeed/ai-codereviewer/pulls/comments/1174426196,aidar-freeed/ai-codereviewer,10
https://api.github.com/repos/jhopley-stadion/v3-release-workflow/pulls/263,1801302578,https://api.github.com/repos/jhopley-stadion/v3-release-workflow/pulls/comments/1801302578,jhopley-stadion/v3-release-workflow,263
https://api.github.com/repos/aidar-freeed/ai-codereviewer/pulls/10,1174426212,https://api.github.com/repos/aidar-freeed/ai-codereviewer/pulls/comments/1174426212,aidar-freeed/ai-codereviewer,10
https://api.github.com/repos/mrako/week-number/pulls/29,1236833555,https://api.github.com/repos/mrako/week-number/pulls/comments/1236833555,mrako/week-number,29
https://api.github.com/repos/aidar-freeed/ai-codereviewer/pulls/10,1174426201,https://api.github.com/repos/aidar-freeed/ai-codereviewer/pulls/comments/1174426201,aidar-freeed/ai-codereviewer,10
https://api.github.com/repos/aidar-freeed/ai-codereviewer/pulls/4,1149862636,https://api.github.com/repos/aidar-freeed/ai-codereviewer/pulls/comments/1149862636,aidar-freeed/ai-codereviewer,4
https://api.github.com/repos/mrako/week-number/pulls/37,1343002155,https://api.github.com/repos/mrako/week-number/pulls/comments/1343002155,mrako/week-number,37
https://api.github.com/repos/jhopley-stadion/v3-release-workflow/pulls/264,1801307889,https://api.github.com/repos/jhopley-stadion/v3-release-workflow/pulls/comments/1801307889,jhopley-stadion/v3-release-workflow,264
https://api.github.com/repos/jhopley-stadion/v3-release-workflow/pulls/262,1801310898,https://api.github.com/repos/jhopley-stadion/v3-release-workflow/pulls/comments/1801310898,jhopley-stadion/v3-release-workflow,262
https://api.github.com/repos/aidar-freeed/ai-codereviewer/pulls/10,1174425509,https://api.github.com/repos/aidar-freeed/ai-codereviewer/pulls/comments/1174425509,aidar-freeed/ai-codereviewer,10
https://api.github.com/repos/aidar-freeed/ai-codereviewer/pulls/4,1149858435,https://api.github.com/repos/aidar-freeed/ai-codereviewer/pulls/comments/1149858435,aidar-freeed/ai-codereviewer,4
https://api.github.com/repos/nrfconnect/sdk-nrf-testing/pulls/280,1908762286,https://api.github.com/repos/nrfconnect/sdk-nrf-testing/pulls/comments/1908762286,nrfconnect/sdk-nrf-testing,280
https://api.github.com/repos/aidar-freeed/ai-codereviewer/pulls/3,1145496527,https://api.github.com/repos/aidar-freeed/ai-codereviewer/pulls/comments/1145496527,aidar-freeed/ai-codereviewer,3
https://api.github.com/repos/aidar-freeed/ai-codereviewer/pulls/10,1174426411,https://api.github.com/repos/aidar-freeed/ai-codereviewer/pulls/comments/1174426411,aidar-freeed/ai-codereviewer,10
https://api.github.com/repos/mt-krainski/yet-another-flight-scanner/pulls/3,1694360257,https://api.github.com/repos/mt-krainski/yet-another-flight-scanner/pulls/comments/1694360257,mt-krainski/yet-another-flight-scanner,3
https://api.github.com/repos/mrako/week-number/pulls/38,1343124553,https://api.github.com/repos/mrako/week-number/pulls/comments/1343124553,mrako/week-number,38
https://api.github.com/repos/mrako/week-number/pulls/39,1343998588,https://api.github.com/repos/mrako/week-number/pulls/comments/1343998588,mrako/week-number,39
https://api.github.com/repos/aidar-freeed/ai-codereviewer/pulls/5,1150248894,https://api.github.com/repos/aidar-freeed/ai-codereviewer/pulls/comments/1150248894,aidar-freeed/ai-codereviewer,5
https://api.github.com/repos/jhopley-stadion/v3-release-workflow/pulls/262,1801310926,https://api.github.com/repos/jhopley-stadion/v3-release-workflow/pulls/comments/1801310926,jhopley-stadion/v3-release-workflow,262
https://api.github.com/repos/jhopley-stadion/v3-release-workflow/pulls/262,1801310877,https://api.github.com/repos/jhopley-stadion/v3-release-workflow/pulls/comments/1801310877,jhopley-stadion/v3-release-workflow,262
https://api.github.com/repos/mrako/week-number/pulls/40,1344003300,https://api.github.com/repos/mrako/week-number/pulls/comments/1344003300,mrako/week-number,40
https://api.github.com/repos/aidar-freeed/ai-codereviewer/pulls/10,1174425503,https://api.github.com/repos/aidar-freeed/ai-codereviewer/pulls/comments/1174425503,aidar-freeed/ai-codereviewer,10
https://api.github.com/repos/mrako/week-number/pulls/42,1372931004,https://api.github.com/repos/mrako/week-number/pulls/comments/1372931004,mrako/week-number,42
https://api.github.com/repos/aidar-freeed/ai-codereviewer/pulls/4,1149858427,https://api.github.com/repos/aidar-freeed/ai-codereviewer/pulls/comments/1149858427,aidar-freeed/ai-codereviewer,4
https://api.github.com/repos/aidar-freeed/ai-codereviewer/pulls/10,1174426220,https://api.github.com/repos/aidar-freeed/ai-codereviewer/pulls/comments/1174426220,aidar-freeed/ai-codereviewer,10
https://api.github.com/repos/aidar-freeed/ai-codereviewer/pulls/10,1174426189,https://api.github.com/repos/aidar-freeed/ai-codereviewer/pulls/comments/1174426189,aidar-freeed/ai-codereviewer,10
https://api.github.com/repos/jhopley-stadion/v3-release-workflow/pulls/264,1801307904,https://api.github.com/repos/jhopley-stadion/v3-release-workflow/pulls/comments/1801307904,jhopley-stadion/v3-release-workflow,264
https://api.github.com/repos/aidar-freeed/ai-codereviewer/pulls/10,1174421187,https://api.github.com/repos/aidar-freeed/ai-codereviewer/pulls/comments/1174421187,aidar-freeed/ai-codereviewer,10
https://api.github.com/repos/jhopley-stadion/v3-release-workflow/pulls/262,1801310895,https://api.github.com/repos/jhopley-stadion/v3-release-workflow/pulls/comments/1801310895,jhopley-stadion/v3-release-workflow,262
https://api.github.com/repos/jhopley-stadion/v3-release-workflow/pulls/264,1801307887,https://api.github.com/repos/jhopley-stadion/v3-release-workflow/pulls/comments/1801307887,jhopley-stadion/v3-release-workflow,264
https://api.github.com/repos/mrako/week-number/pulls/29,1236844931,https://api.github.com/repos/mrako/week-number/pulls/comments/1236844931,mrako/week-number,29
https://api.github.com/repos/aidar-freeed/ai-codereviewer/pulls/2,1145490077,https://api.github.com/repos/aidar-freeed/ai-codereviewer/pulls/comments/1145490077,aidar-freeed/ai-codereviewer,2
https://api.github.com/repos/aidar-freeed/ai-codereviewer/pulls/4,1149858431,https://api.github.com/repos/aidar-freeed/ai-codereviewer/pulls/comments/1149858431,aidar-freeed/ai-codereviewer,4
https://api.github.com/repos/aidar-freeed/ai-codereviewer/pulls/10,1174425502,https://api.github.com/repos/aidar-freeed/ai-codereviewer/pulls/comments/1174425502,aidar-freeed/ai-codereviewer,10
https://api.github.com/repos/nrfconnect/sdk-nrf-testing/pulls/280,1908762323,https://api.github.com/repos/nrfconnect/sdk-nrf-testing/pulls/comments/1908762323,nrfconnect/sdk-nrf-testing,280
https://api.github.com/repos/mrako/week-number/pulls/39,1343998582,https://api.github.com/repos/mrako/week-number/pulls/comments/1343998582,mrako/week-number,39
https://api.github.com/repos/jhopley-stadion/v3-release-workflow/pulls/263,1801302574,https://api.github.com/repos/jhopley-stadion/v3-release-workflow/pulls/comments/1801302574,jhopley-stadion/v3-release-workflow,263
https://api.github.com/repos/aidar-freeed/ai-codereviewer/pulls/10,1174421182,https://api.github.com/repos/aidar-freeed/ai-codereviewer/pulls/comments/1174421182,aidar-freeed/ai-codereviewer,10
https://api.github.com/repos/aidar-freeed/ai-codereviewer/pulls/10,1174426193,https://api.github.com/repos/aidar-freeed/ai-codereviewer/pulls/comments/1174426193,aidar-freeed/ai-codereviewer,10
https://api.github.com/repos/mrako/week-number/pulls/34,1311552221,https://api.github.com/repos/mrako/week-number/pulls/comments/1311552221,mrako/week-number,34
https://api.github.com/repos/mt-krainski/yet-another-flight-scanner/pulls/4,1694378086,https://api.github.com/repos/mt-krainski/yet-another-flight-scanner/pulls/comments/1694378086,mt-krainski/yet-another-flight-scanner,4
https://api.github.com/repos/aidar-freeed/ai-codereviewer/pulls/4,1149858439,https://api.github.com/repos/aidar-freeed/ai-codereviewer/pulls/comments/1149858439,aidar-freeed/ai-codereviewer,4
https://api.github.com/repos/jhopley-stadion/v3-release-workflow/pulls/263,1801302576,https://api.github.com/repos/jhopley-stadion/v3-release-workflow/pulls/comments/1801302576,jhopley-stadion/v3-release-workflow,263
https://api.github.com/repos/jhopley-stadion/v3-release-workflow/pulls/263,1801302484,https://api.github.com/repos/jhopley-stadion/v3-release-workflow/pulls/comments/1801302484,jhopley-stadion/v3-release-workflow,263
https://api.github.com/repos/aidar-freeed/ai-codereviewer/pulls/10,1174426207,https://api.github.com/repos/aidar-freeed/ai-codereviewer/pulls/comments/1174426207,aidar-freeed/ai-codereviewer,10
https://api.github.com/repos/jhopley-stadion/v3-release-workflow/pulls/263,1801302579,https://api.github.com/repos/jhopley-stadion/v3-release-workflow/pulls/comments/1801302579,jhopley-stadion/v3-release-workflow,263
https://api.github.com/repos/aidar-freeed/ai-codereviewer/pulls/4,1149858429,https://api.github.com/repos/aidar-freeed/ai-codereviewer/pulls/comments/1149858429,aidar-freeed/ai-codereviewer,4
https://api.github.com/repos/aidar-freeed/ai-codereviewer/pulls/10,1174425505,https://api.github.com/repos/aidar-freeed/ai-codereviewer/pulls/comments/1174425505,aidar-freeed/ai-codereviewer,10
https://api.github.com/repos/aidar-freeed/ai-codereviewer/pulls/5,1150248909,https://api.github.com/repos/aidar-freeed/ai-codereviewer/pulls/comments/1150248909,aidar-freeed/ai-codereviewer,5
https://api.github.com/repos/jhopley-stadion/v3-release-workflow/pulls/264,1801307914,https://api.github.com/repos/jhopley-stadion/v3-release-workflow/pulls/comments/1801307914,jhopley-stadion/v3-release-workflow,264
https://api.github.com/repos/mrako/week-number/pulls/37,1343002153,https://api.github.com/repos/mrako/week-number/pulls/comments/1343002153,mrako/week-number,37
https://api.github.com/repos/aidar-freeed/ai-codereviewer/pulls/10,1174425506,https://api.github.com/repos/aidar-freeed/ai-codereviewer/pulls/comments/1174425506,aidar-freeed/ai-codereviewer,10
https://api.github.com/repos/nrfconnect/sdk-nrf-testing/pulls/280,1908762314,https://api.github.com/repos/nrfconnect/sdk-nrf-testing/pulls/comments/1908762314,nrfconnect/sdk-nrf-testing,280
https://api.github.com/repos/aidar-freeed/ai-codereviewer/pulls/6,1153218100,https://api.github.com/repos/aidar-freeed/ai-codereviewer/pulls/comments/1153218100,aidar-freeed/ai-codereviewer,6
https://api.github.com/repos/mrako/week-number/pulls/31,1238264476,https://api.github.com/repos/mrako/week-number/pulls/comments/1238264476,mrako/week-number,31
https://api.github.com/repos/jhopley-stadion/v3-release-workflow/pulls/262,1801310880,https://api.github.com/repos/jhopley-stadion/v3-release-workflow/pulls/comments/1801310880,jhopley-stadion/v3-release-workflow,262
https://api.github.com/repos/aidar-freeed/ai-codereviewer/pulls/3,1145496525,https://api.github.com/repos/aidar-freeed/ai-codereviewer/pulls/comments/1145496525,aidar-freeed/ai-codereviewer,3
https://api.github.com/repos/aidar-freeed/ai-codereviewer/pulls/5,1150246008,https://api.github.com/repos/aidar-freeed/ai-codereviewer/pulls/comments/1150246008,aidar-freeed/ai-codereviewer,5
https://api.github.com/repos/mrako/week-number/pulls/41,1369930510,https://api.github.com/repos/mrako/week-number/pulls/comments/1369930510,mrako/week-number,41
https://api.github.com/repos/aidar-freeed/ai-codereviewer/pulls/10,1174426210,https://api.github.com/repos/aidar-freeed/ai-codereviewer/pulls/comments/1174426210,aidar-freeed/ai-codereviewer,10
https://api.github.com/repos/nrfconnect/sdk-nrf-testing/pulls/280,1908727397,https://api.github.com/repos/nrfconnect/sdk-nrf-testing/pulls/comments/1908727397,nrfconnect/sdk-nrf-testing,280
https://api.github.com/repos/mt-krainski/yet-another-flight-scanner/pulls/9,1697790506,https://api.github.com/repos/mt-krainski/yet-another-flight-scanner/pulls/comments/1697790506,mt-krainski/yet-another-flight-scanner,9
https://api.github.com/repos/aidar-freeed/ai-codereviewer/pulls/10,1174425080,https://api.github.com/repos/aidar-freeed/ai-codereviewer/pulls/comments/1174425080,aidar-freeed/ai-codereviewer,10
https://api.github.com/repos/aidar-freeed/ai-codereviewer/pulls/10,1174426413,https://api.github.com/repos/aidar-freeed/ai-codereviewer/pulls/comments/1174426413,aidar-freeed/ai-codereviewer,10
https://api.github.com/repos/aidar-freeed/ai-codereviewer/pulls/3,1145496522,https://api.github.com/repos/aidar-freeed/ai-codereviewer/pulls/comments/1145496522,aidar-freeed/ai-codereviewer,3
https://api.github.com/repos/mt-krainski/yet-another-flight-scanner/pulls/5,1694378435,https://api.github.com/repos/mt-krainski/yet-another-flight-scanner/pulls/comments/1694378435,mt-krainski/yet-another-flight-scanner,5
https://api.github.com/repos/aidar-freeed/ai-codereviewer/pulls/10,1174426222,https://api.github.com/repos/aidar-freeed/ai-codereviewer/pulls/comments/1174426222,aidar-freeed/ai-codereviewer,10
https://api.github.com/repos/aidar-freeed/ai-codereviewer/pulls/32,1412872856,https://api.github.com/repos/aidar-freeed/ai-codereviewer/pulls/comments/1412872856,aidar-freeed/ai-codereviewer,32
https://api.github.com/repos/jhopley-stadion/v3-release-workflow/pulls/263,1801302575,https://api.github.com/repos/jhopley-stadion/v3-release-workflow/pulls/comments/1801302575,jhopley-stadion/v3-release-workflow,263
https://api.github.com/repos/mrako/week-number/pulls/30,1238255752,https://api.github.com/repos/mrako/week-number/pulls/comments/1238255752,mrako/week-number,30
https://api.github.com/repos/aidar-freeed/ai-codereviewer/pulls/10,1174426204,https://api.github.com/repos/aidar-freeed/ai-codereviewer/pulls/comments/1174426204,aidar-freeed/ai-codereviewer,10
https://api.github.com/repos/aidar-freeed/ai-codereviewer/pulls/10,1174426209,https://api.github.com/repos/aidar-freeed/ai-codereviewer/pulls/comments/1174426209,aidar-freeed/ai-codereviewer,10
https://api.github.com/repos/aidar-freeed/ai-codereviewer/pulls/10,1174426414,https://api.github.com/repos/aidar-freeed/ai-codereviewer/pulls/comments/1174426414,aidar-freeed/ai-codereviewer,10
https://api.github.com/repos/aidar-freeed/ai-codereviewer/pulls/10,1174426217,https://api.github.com/repos/aidar-freeed/ai-codereviewer/pulls/comments/1174426217,aidar-freeed/ai-codereviewer,10
https://api.github.com/repos/aidar-freeed/ai-codereviewer/pulls/10,1174426219,https://api.github.com/repos/aidar-freeed/ai-codereviewer/pulls/comments/1174426219,aidar-freeed/ai-codereviewer,10
https://api.github.com/repos/mrako/week-number/pulls/31,1238264481,https://api.github.com/repos/mrako/week-number/pulls/comments/1238264481,mrako/week-number,31
https://api.github.com/repos/aidar-freeed/ai-codereviewer/pulls/10,1174421185,https://api.github.com/repos/aidar-freeed/ai-codereviewer/pulls/comments/1174421185,aidar-freeed/ai-codereviewer,10
https://api.github.com/repos/aidar-freeed/ai-codereviewer/pulls/5,1150232243,https://api.github.com/repos/aidar-freeed/ai-codereviewer/pulls/comments/1150232243,aidar-freeed/ai-codereviewer,5
https://api.github.com/repos/nrfconnect/sdk-nrf-testing/pulls/280,1908762319,https://api.github.com/repos/nrfconnect/sdk-nrf-testing/pulls/comments/1908762319,nrfconnect/sdk-nrf-testing,280
https://api.github.com/repos/jhopley-stadion/v3-release-workflow/pulls/262,1801310886,https://api.github.com/repos/jhopley-stadion/v3-release-workflow/pulls/comments/1801310886,jhopley-stadion/v3-release-workflow,262
https://api.github.com/repos/jhopley-stadion/v3-release-workflow/pulls/264,1801307898,https://api.github.com/repos/jhopley-stadion/v3-release-workflow/pulls/comments/1801307898,jhopley-stadion/v3-release-workflow,264
https://api.github.com/repos/aidar-freeed/ai-codereviewer/pulls/32,1412872861,https://api.github.com/repos/aidar-freeed/ai-codereviewer/pulls/comments/1412872861,aidar-freeed/ai-codereviewer,32
https://api.github.com/repos/jhopley-stadion/v3-release-workflow/pulls/263,1801302569,https://api.github.com/repos/jhopley-stadion/v3-release-workflow/pulls/comments/1801302569,jhopley-stadion/v3-release-workflow,263
https://api.github.com/repos/aidar-freeed/ai-codereviewer/pulls/10,1174426810,https://api.github.com/repos/aidar-freeed/ai-codereviewer/pulls/comments/1174426810,aidar-freeed/ai-codereviewer,10
https://api.github.com/repos/aidar-freeed/ai-codereviewer/pulls/10,1174425075,https://api.github.com/repos/aidar-freeed/ai-codereviewer/pulls/comments/1174425075,aidar-freeed/ai-codereviewer,10
https://api.github.com/repos/jhopley-stadion/v3-release-workflow/pulls/262,1801310909,https://api.github.com/repos/jhopley-stadion/v3-release-workflow/pulls/comments/1801310909,jhopley-stadion/v3-release-workflow,262
https://api.github.com/repos/aidar-freeed/ai-codereviewer/pulls/10,1174425078,https://api.github.com/repos/aidar-freeed/ai-codereviewer/pulls/comments/1174425078,aidar-freeed/ai-codereviewer,10
https://api.github.com/repos/aidar-freeed/ai-codereviewer/pulls/32,1412872860,https://api.github.com/repos/aidar-freeed/ai-codereviewer/pulls/comments/1412872860,aidar-freeed/ai-codereviewer,32
https://api.github.com/repos/aidar-freeed/ai-codereviewer/pulls/10,1174426813,https://api.github.com/repos/aidar-freeed/ai-codereviewer/pulls/comments/1174426813,aidar-freeed/ai-codereviewer,10
https://api.github.com/repos/jhopley-stadion/v3-release-workflow/pulls/262,1801310913,https://api.github.com/repos/jhopley-stadion/v3-release-workflow/pulls/comments/1801310913,jhopley-stadion/v3-release-workflow,262
https://api.github.com/repos/aidar-freeed/ai-codereviewer/pulls/5,1150232253,https://api.github.com/repos/aidar-freeed/ai-codereviewer/pulls/comments/1150232253,aidar-freeed/ai-codereviewer,5
https://api.github.com/repos/aidar-freeed/ai-codereviewer/pulls/10,1174421184,https://api.github.com/repos/aidar-freeed/ai-codereviewer/pulls/comments/1174421184,aidar-freeed/ai-codereviewer,10
https://api.github.com/repos/aidar-freeed/ai-codereviewer/pulls/10,1174426216,https://api.github.com/repos/aidar-freeed/ai-codereviewer/pulls/comments/1174426216,aidar-freeed/ai-codereviewer,10
https://api.github.com/repos/mrako/week-number/pulls/40,1344003307,https://api.github.com/repos/mrako/week-number/pulls/comments/1344003307,mrako/week-number,40
https://api.github.com/repos/aidar-freeed/ai-codereviewer/pulls/4,1149858436,https://api.github.com/repos/aidar-freeed/ai-codereviewer/pulls/comments/1149858436,aidar-freeed/ai-codereviewer,4
https://api.github.com/repos/mrako/week-number/pulls/38,1343124558,https://api.github.com/repos/mrako/week-number/pulls/comments/1343124558,mrako/week-number,38
https://api.github.com/repos/aidar-freeed/ai-codereviewer/pulls/5,1150248902,https://api.github.com/repos/aidar-freeed/ai-codereviewer/pulls/comments/1150248902,aidar-freeed/ai-codereviewer,5
https://api.github.com/repos/mrako/week-number/pulls/31,1238264473,https://api.github.com/repos/mrako/week-number/pulls/comments/1238264473,mrako/week-number,31
https://api.github.com/repos/aidar-freeed/ai-codereviewer/pulls/4,1149862637,https://api.github.com/repos/aidar-freeed/ai-codereviewer/pulls/comments/1149862637,aidar-freeed/ai-codereviewer,4
https://api.github.com/repos/jhopley-stadion/v3-release-workflow/pulls/262,1801310865,https://api.github.com/repos/jhopley-stadion/v3-release-workflow/pulls/comments/1801310865,jhopley-stadion/v3-release-workflow,262
https://api.github.com/repos/aidar-freeed/ai-codereviewer/pulls/10,1174426811,https://api.github.com/repos/aidar-freeed/ai-codereviewer/pulls/comments/1174426811,aidar-freeed/ai-codereviewer,10
https://api.github.com/repos/mrako/week-number/pulls/34,1311552223,https://api.github.com/repos/mrako/week-number/pulls/comments/1311552223,mrako/week-number,34
https://api.github.com/repos/mrako/week-number/pulls/29,1236833540,https://api.github.com/repos/mrako/week-number/pulls/comments/1236833540,mrako/week-number,29
https://api.github.com/repos/aidar-freeed/ai-codereviewer/pulls/10,1174425508,https://api.github.com/repos/aidar-freeed/ai-codereviewer/pulls/comments/1174425508,aidar-freeed/ai-codereviewer,10
https://api.github.com/repos/aidar-freeed/ai-codereviewer/pulls/10,1174420680,https://api.github.com/repos/aidar-freeed/ai-codereviewer/pulls/comments/1174420680,aidar-freeed/ai-codereviewer,10
https://api.github.com/repos/aidar-freeed/ai-codereviewer/pulls/10,1174420677,https://api.github.com/repos/aidar-freeed/ai-codereviewer/pulls/comments/1174420677,aidar-freeed/ai-codereviewer,10
https://api.github.com/repos/aidar-freeed/ai-codereviewer/pulls/5,1150246013,https://api.github.com/repos/aidar-freeed/ai-codereviewer/pulls/comments/1150246013,aidar-freeed/ai-codereviewer,5
https://api.github.com/repos/aidar-freeed/ai-codereviewer/pulls/32,1412872857,https://api.github.com/repos/aidar-freeed/ai-codereviewer/pulls/comments/1412872857,aidar-freeed/ai-codereviewer,32
https://api.github.com/repos/mrako/week-number/pulls/30,1238255746,https://api.github.com/repos/mrako/week-number/pulls/comments/1238255746,mrako/week-number,30
https://api.github.com/repos/jhopley-stadion/v3-release-workflow/pulls/264,1801307913,https://api.github.com/repos/jhopley-stadion/v3-release-workflow/pulls/comments/1801307913,jhopley-stadion/v3-release-workflow,264
https://api.github.com/repos/aidar-freeed/ai-codereviewer/pulls/5,1150232250,https://api.github.com/repos/aidar-freeed/ai-codereviewer/pulls/comments/1150232250,aidar-freeed/ai-codereviewer,5
https://api.github.com/repos/mt-krainski/yet-another-flight-scanner/pulls/3,1694360260,https://api.github.com/repos/mt-krainski/yet-another-flight-scanner/pulls/comments/1694360260,mt-krainski/yet-another-flight-scanner,3
https://api.github.com/repos/mrako/week-number/pulls/29,1236833517,https://api.github.com/repos/mrako/week-number/pulls/comments/1236833517,mrako/week-number,29
https://api.github.com/repos/aidar-freeed/ai-codereviewer/pulls/10,1174425510,https://api.github.com/repos/aidar-freeed/ai-codereviewer/pulls/comments/1174425510,aidar-freeed/ai-codereviewer,10
https://api.github.com/repos/mrako/week-number/pulls/34,1311552224,https://api.github.com/repos/mrako/week-number/pulls/comments/1311552224,mrako/week-number,34
https://api.github.com/repos/aidar-freeed/ai-codereviewer/pulls/10,1174421183,https://api.github.com/repos/aidar-freeed/ai-codereviewer/pulls/comments/1174421183,aidar-freeed/ai-codereviewer,10
https://api.github.com/repos/aidar-freeed/ai-codereviewer/pulls/5,1150232242,https://api.github.com/repos/aidar-freeed/ai-codereviewer/pulls/comments/1150232242,aidar-freeed/ai-codereviewer,5
https://api.github.com/repos/nrfconnect/sdk-nrf-testing/pulls/280,1908727407,https://api.github.com/repos/nrfconnect/sdk-nrf-testing/pulls/comments/1908727407,nrfconnect/sdk-nrf-testing,280
https://api.github.com/repos/aidar-freeed/ai-codereviewer/pulls/32,1412872858,https://api.github.com/repos/aidar-freeed/ai-codereviewer/pulls/comments/1412872858,aidar-freeed/ai-codereviewer,32
https://api.github.com/repos/mt-krainski/yet-another-flight-scanner/pulls/9,1697790498,https://api.github.com/repos/mt-krainski/yet-another-flight-scanner/pulls/comments/1697790498,mt-krainski/yet-another-flight-scanner,9
https://api.github.com/repos/jhopley-stadion/v3-release-workflow/pulls/264,1801307912,https://api.github.com/repos/jhopley-stadion/v3-release-workflow/pulls/comments/1801307912,jhopley-stadion/v3-release-workflow,264
https://api.github.com/repos/aidar-freeed/ai-codereviewer/pulls/10,1174421190,https://api.github.com/repos/aidar-freeed/ai-codereviewer/pulls/comments/1174421190,aidar-freeed/ai-codereviewer,10
https://api.github.com/repos/aidar-freeed/ai-codereviewer/pulls/10,1174420681,https://api.github.com/repos/aidar-freeed/ai-codereviewer/pulls/comments/1174420681,aidar-freeed/ai-codereviewer,10
https://api.github.com/repos/aidar-freeed/ai-codereviewer/pulls/4,1149858445,https://api.github.com/repos/aidar-freeed/ai-codereviewer/pulls/comments/1149858445,aidar-freeed/ai-codereviewer,4
https://api.github.com/repos/mt-krainski/yet-another-flight-scanner/pulls/3,1694360259,https://api.github.com/repos/mt-krainski/yet-another-flight-scanner/pulls/comments/1694360259,mt-krainski/yet-another-flight-scanner,3
https://api.github.com/repos/nrfconnect/sdk-nrf-testing/pulls/280,1908727399,https://api.github.com/repos/nrfconnect/sdk-nrf-testing/pulls/comments/1908727399,nrfconnect/sdk-nrf-testing,280
https://api.github.com/repos/aidar-freeed/ai-codereviewer/pulls/4,1149858451,https://api.github.com/repos/aidar-freeed/ai-codereviewer/pulls/comments/1149858451,aidar-freeed/ai-codereviewer,4
